Product,VALUE,Avg_consumption,per_day_cost
Fruits,4.86,0.30000000000000004,$1.46
Meat,15.25,0.22499999999999998,$3.43
Other (Cereals & Dairy),5.65,0.5249999999999999,$2.97
Vegetables,2.81,0.44999999999999996,$1.26
